node,1
1.0,1.0
2.0,0.0
3.0,0.8813559322033899
4.0,0.8860759493670887
